,sum_sq,df,F,PR(>F)
C(structure_color),73.50665068780818,6.0,24.18920390152779,9.202923126175037e-23
Residual,133.20163552848828,263.0,,
