,sum_sq,df,F,PR(>F)
C(survival_days),23.968879320655663,27.0,0.9293726052387169,0.5697517954135022
Residual,167.15991688693063,175.0,,
