,sum_sq,df,F,PR(>F)
C(structure_color),51.39040315772977,6.0,12.30825202456653,3.2974489539197097e-12
Residual,183.0164565407887,263.0,,
