,donor_id,sample_well,sample_polygon,sample_mri_0,sample_mri_1,sample_mri_2,structure_id,top_level_structure_id,survival_days,initial_kps,Gene
count,270.0,270.0,270.0,270.0,270.0,270.0,270.0,270.0,203.0,270.0,270.0
mean,50686960.41111111,303543097.45185184,301897111.4851852,-1.0,-1.0,-1.0,308026840.73333335,9429.0,506.3743842364532,90.07407407407408,0.5476962962962963
std,101963965.92258354,1985859.1972980904,2101522.614919366,0.0,0.0,0.0,4038854.2887116848,0.0,376.8524775500803,9.75508989601075,0.8766026983570726
min,703393.0,300173630.0,298726077.0,-1.0,-1.0,-1.0,298764274.0,9429.0,62.0,60.0,-0.2421
25%,705758.0,301287728.5,300037245.0,-1.0,-1.0,-1.0,309780592.0,9429.0,184.0,90.0,0.15625
50%,709556.0,304357560.0,301241918.5,-1.0,-1.0,-1.0,309780766.0,9429.0,363.0,90.0,0.2165
75%,712382.0,305272995.5,304088205.75,-1.0,-1.0,-1.0,309780852.0,9429.0,871.0,100.0,0.6375
max,292163427.0,306124511.0,305929638.0,-1.0,-1.0,-1.0,309817690.0,9429.0,1293.0,100.0,8.4898
