,donor_id,sample_well,sample_polygon,sample_mri_0,sample_mri_1,sample_mri_2,structure_id,top_level_structure_id,survival_days,initial_kps,Gene,Event
count,203.0,203.0,203.0,203.0,203.0,203.0,203.0,203.0,203.0,203.0,203.0,203.0
mean,32830406.379310343,303398036.92610836,301778737.18719214,-1.0,-1.0,-1.0,308044727.09359604,9429.0,506.3743842364532,89.4088669950739,0.26449655172413794,1.0
std,80619144.55105275,1990345.25444401,2100413.1503084027,0.0,0.0,0.0,4024558.467395493,0.0,376.8524775500803,10.70048209319452,0.972718951929845,0.0
min,703393.0,300173630.0,298726077.0,-1.0,-1.0,-1.0,298764274.0,9429.0,62.0,60.0,-0.2421,1.0
25%,705735.0,301287705.0,300013863.0,-1.0,-1.0,-1.0,309780592.0,9429.0,184.0,90.0,0.0,1.0
50%,706190.0,304357520.0,301181531.0,-1.0,-1.0,-1.0,309780768.0,9429.0,363.0,90.0,0.0,1.0
75%,711645.0,305272897.0,303900898.0,-1.0,-1.0,-1.0,309780846.0,9429.0,871.0,100.0,0.0,1.0
max,286837173.0,306124488.0,305929638.0,-1.0,-1.0,-1.0,309817686.0,9429.0,1293.0,100.0,8.4898,1.0
