,sum_sq,df,F,PR(>F)
C(structure_color),90.38803701741719,6.0,28.585612590741288,2.992508478723191e-26
Residual,138.60150603221257,263.0,,
