,sum_sq,df,F,PR(>F)
C(structure_color),17.044853275079788,6.0,2.943857309487408,0.008498814828756638
Residual,252.8288052367418,262.0,,
